Destination,periodo,Argentina,Bolivia (Plurinational State of),Brazil,Chile,Colombia,Costa Rica,Cuba,Dominican Republic,Ecuador,El Salvador,Guatemala,Haiti,Honduras,Mexico,Nicaragua,Panama,Paraguay,Peru,United States of America,Uruguay,Venezuela (Bolivarian Republic of),Barbados,Trinidad and Tobago,Jamaica,Grenada,Suriname,Dominica,Saint Lucia,Antigua and Barbuda,Saint Vincent and the Grenadines,Bahamas,Saint Kitts and Nevis,Canada,Belize,Guyana
Argentina,1995,,186685.0,33642.0,214736.0,3162.0,359.0,1873.0,849.0,1501.0,169.0,158.0,80.0,140.0,2686.0,167.0,357.0,286164.0,50888.0,9678.0,125366.0,2290.0,16.0,73.0,26.0,24.0,11.0,9.0,,,,,,953.0,12.0,
Bolivia (Plurinational State of),1995,25141.0,,12746.0,4622.0,1002.0,122.0,311.0,22.0,521.0,82.0,144.0,7.0,216.0,8770.0,76.0,95.0,2216.0,8306.0,3385.0,430.0,458.0,4.0,9.0,4.0,2.0,1.0,3.0,,5.0,,5.0,1.0,1728.0,962.0,4.0
Brazil,1995,27974.0,18217.0,,19708.0,3196.0,314.0,894.0,190.0,903.0,443.0,106.0,135.0,208.0,1027.0,415.0,767.0,25143.0,8278.0,12894.0,24081.0,1694.0,,,41.0,,177.0,,,,,,,1113.0,,1350.0
Chile,1995,39233.0,8923.0,5609.0,,2734.0,442.0,1751.0,198.0,5510.0,227.0,182.0,41.0,225.0,1223.0,201.0,428.0,920.0,21256.0,6767.0,1816.0,3148.0,14.0,8.0,18.0,6.0,5.0,18.0,33.0,13.0,3.0,1.0,13.0,1430.0,9.0,11.0
Colombia,1995,2471.0,653.0,1809.0,1810.0,,757.0,1375.0,350.0,11917.0,306.0,305.0,100.0,276.0,2072.0,475.0,1966.0,219.0,3342.0,14273.0,362.0,35162.0,,46.0,81.0,,,45.0,,36.0,,,,731.0,,17.0
Costa Rica,1995,864.0,220.0,304.0,1127.0,4147.0,,3558.0,556.0,683.0,26046.0,1602.0,41.0,2241.0,1778.0,131695.0,7652.0,48.0,2045.0,7301.0,196.0,834.0,6.0,21.0,209.0,5.0,11.0,3.0,1.0,,1.0,8.0,1.0,754.0,123.0,16.0
Cuba,1995,283.0,97.0,,298.0,268.0,,,203.0,102.0,,116.0,1564.0,,674.0,451.0,140.0,,145.0,899.0,,327.0,,,497.0,137.0,,,,,,,,102.0,,
Dominican Republic,1995,2935.0,403.0,1055.0,2101.0,5217.0,1724.0,7580.0,,1055.0,407.0,528.0,207931.0,481.0,1930.0,461.0,777.0,68.0,2212.0,10124.0,1805.0,15811.0,,111.0,468.0,,115.0,27.0,,296.0,,101.0,85.0,3957.0,,50.0
Ecuador,1995,1954.0,572.0,1035.0,5002.0,55897.0,351.0,1120.0,133.0,,196.0,162.0,36.0,176.0,797.0,147.0,361.0,91.0,4125.0,9854.0,359.0,3120.0,,17.0,15.0,,,,,,,18.0,,889.0,,
El Salvador,1995,211.0,59.0,264.0,294.0,375.0,1188.0,82.0,41.0,126.0,,7224.0,,12650.0,1948.0,4219.0,456.0,26.0,209.0,6306.0,94.0,219.0,50.0,,13.0,,,,,,,,,379.0,231.0,
Guatemala,1995,318.0,77.0,114.0,231.0,610.0,746.0,347.0,64.0,113.0,124346.0,,18.0,5032.0,8236.0,4565.0,216.0,55.0,249.0,5639.0,92.0,144.0,,,,,,,,,,,,262.0,561.0,
Haiti,1995,548.0,,,392.0,975.0,322.0,1416.0,2832.0,,,,,,361.0,,,,413.0,1891.0,337.0,2954.0,,,,,,,,,,,,739.0,,
Honduras,1995,144.0,111.0,178.0,252.0,527.0,617.0,460.0,102.0,345.0,60692.0,3336.0,34.0,,980.0,74273.0,243.0,27.0,288.0,3877.0,51.0,74.0,,,20.0,,,,,,,,,262.0,242.0,
Mexico,1995,5366.0,1725.0,2482.0,4144.0,5530.0,2571.0,4858.0,842.0,1222.0,4931.0,49676.0,395.0,3031.0,,3324.0,13722.0,302.0,4140.0,272472.0,1506.0,2194.0,,35.0,115.0,,,,,,,,,5063.0,1474.0,
Nicaragua,1995,147.0,38.0,110.0,115.0,237.0,4727.0,711.0,52.0,78.0,2136.0,900.0,20.0,9473.0,734.0,,351.0,,176.0,2952.0,9.0,116.0,,,31.0,,,,,28.0,,19.0,,147.0,48.0,
Panama,1995,667.0,194.0,695.0,997.0,17179.0,4155.0,2396.0,3554.0,1604.0,2146.0,473.0,204.0,715.0,1810.0,4593.0,,35.0,2170.0,4134.0,199.0,715.0,88.0,53.0,724.0,11.0,,17.0,,,,,,280.0,72.0,38.0
Paraguay,1995,57525.0,976.0,97450.0,2425.0,,,,,,,,,,2440.0,,,,,1684.0,3303.0,,,,,,,,,,,,,1999.0,,
Peru,1995,7087.0,3572.0,3033.0,4483.0,3706.0,210.0,564.0,112.0,2491.0,67.0,101.0,30.0,103.0,931.0,100.0,215.0,340.0,,6151.0,382.0,2021.0,,,,,,,,,14.0,,,764.0,,
United States of America,1995,106709.0,41443.0,144505.0,66875.0,390026.0,56544.0,788723.0,507397.0,216544.0,628538.0,346127.0,315898.0,191964.0,6602801.0,190601.0,93545.0,8837.0,206962.0,,22443.0,73081.0,46640.0,153418.0,435091.0,23030.0,4134.0,17231.0,10036.0,14869.0,16075.0,24356.0,9065.0,767121.0,34351.0,162619.0
Uruguay,1995,17970.0,,11084.0,1299.0,,,,,,,,,,657.0,,,1199.0,240.0,1036.0,,713.0,,,,,,,,,,,,389.0,,
Venezuela (Bolivarian Republic of),1995,9138.0,2031.0,4590.0,18675.0,588323.0,1405.0,10603.0,16240.0,26835.0,965.0,501.0,1824.0,369.0,3012.0,2193.0,1203.0,294.0,32973.0,10925.0,5364.0,,142.0,3174.0,167.0,321.0,80.0,40.0,40.0,,105.0,,,977.0,17.0,5577.0
Barbados,1995,,,,,,,0.0,,,,,0.0,,,,,,,1213.0,,,,1910.0,679.0,616.0,0.0,492.0,3621.0,246.0,4014.0,59.0,0.0,729.0,0.0,2792.0
Trinidad and Tobago,1995,,,,,,,36.0,,,,,,,,,,,,2205.0,,1213.0,2188.0,,736.0,15066.0,,,1185.0,,10556.0,,,874.0,,4666.0
Jamaica,1995,,,,,,101.0,1837.0,,,137.0,311.0,,165.0,,128.0,77.0,,,5615.0,,,497.0,2126.0,,192.0,,128.0,305.0,143.0,209.0,616.0,89.0,1277.0,7.0,
Grenada,1995,,,,,,,,,,,,,,,,,,,,,175.0,131.0,1813.0,85.0,,,54.0,119.0,28.0,333.0,22.0,11.0,145.0,,316.0
Suriname,1995,,,2594.0,,,,,,,,,,,,,,,,,,,,,,,,,,,,,,,,6317.0
Dominica,1995,,,,,,,6.0,,,,,732.0,,,,,,,299.0,,14.0,80.0,147.0,62.0,,9.0,,135.0,243.0,60.0,6.0,30.0,88.0,,91.0
Saint Lucia,1995,,,6.0,,,,13.0,26.0,,,2.0,,,5.0,,16.0,,,372.0,,35.0,437.0,438.0,105.0,90.0,24.0,129.0,,65.0,245.0,7.0,25.0,143.0,0.0,1108.0
Antigua and Barbuda,1995,,,,,,,15.0,1044.0,,,,19.0,5.0,4.0,,,,,1733.0,,22.0,226.0,474.0,1832.0,137.0,23.0,3170.0,474.0,,616.0,4.0,430.0,287.0,10.0,3489.0
Saint Vincent and the Grenadines,1995,,,,,,,,,,,,,,,,,,,303.0,,,315.0,871.0,115.0,392.0,,78.0,216.0,53.0,,,36.0,148.0,,217.0
Bahamas,1995,8.0,,41.0,8.0,30.0,38.0,79.0,64.0,12.0,4.0,8.0,15759.0,10.0,51.0,8.0,15.0,,41.0,4294.0,2.0,20.0,171.0,299.0,3282.0,27.0,,41.0,41.0,10.0,21.0,,12.0,1040.0,22.0,550.0
Saint Kitts and Nevis,1995,,,,,,,,,,,,,,,,,,,,,,56.0,152.0,82.0,34.0,,115.0,60.0,231.0,97.0,8.0,,,,443.0
Canada,1995,12036.0,1948.0,10058.0,23182.0,12595.0,1894.0,3462.0,3841.0,9362.0,32598.0,11127.0,45292.0,3293.0,30113.0,7730.0,1785.0,4780.0,14301.0,244567.0,5570.0,5582.0,14373.0,55297.0,108174.0,6638.0,664.0,2099.0,2435.0,2082.0,6477.0,1153.0,1944.0,,1145.0,72507.0
Belize,1995,,,,,,,,,,6661.0,14350.0,37.0,4100.0,2782.0,,,,,1908.0,,,,,424.0,,,,,,,,,515.0,,
Guyana,1995,,,780.0,,,,,,,,,,,,,,,,459.0,,768.0,186.0,310.0,124.0,81.0,1681.0,19.0,275.0,8.0,154.0,6.0,,147.0,,
